name,method,iters,condition,var,eps,ppl,pdv,re_a,re_b,re,adj_lpips
Trump_Biden,lam0.0,500,clean,,,1.4849849566817284,0.07183548026428602,9.545261127641425e-05,0.0005021925899200141,0.0002988226005982142,0.0459 0.0589 0.0703 0.2277 0.2120 0.2373 0.2057 0.1953 0.1400 0.0918
Trump_Biden,lam0.1,500,clean,,,1.517505381256342,0.07945524134016566,9.545261127641425e-05,0.0005021925899200141,0.0002988226005982142,0.0393 0.0498 0.0699 0.2295 0.2210 0.2027 0.2590 0.2168 0.1420 0.0875
Trump_Biden,lam0.25,500,clean,,,1.5103863142430782,0.08334664446791115,9.545261127641425e-05,0.0005021925899200141,0.0002988226005982142,0.0362 0.0510 0.0656 0.2296 0.2223 0.1896 0.2767 0.2213 0.1402 0.0777
Trump_Biden,lam0.5,500,clean,,,1.517030544579029,0.08585686942188836,9.545261127641425e-05,0.0005021925899200141,0.0002988226005982142,0.0352 0.0524 0.0633 0.2200 0.2332 0.1775 0.3018 0.2081 0.1421 0.0832
Trump_Biden,lam0.75,500,clean,,,1.5462780743837357,0.08751338671787903,9.545261127641425e-05,0.0005021925899200141,0.0002988226005982142,0.0381 0.0530 0.0639 0.2000 0.2389 0.2129 0.3190 0.1786 0.1531 0.0888
Trump_Biden,lam1.0,500,clean,,,1.8721719644963741,0.12139145960824325,9.545261127641425e-05,0.0005021925899200141,0.0002988226005982142,0.0421 0.0540 0.0665 0.2021 0.2574 0.3408 0.4368 0.1708 0.1546 0.1469
Trump_Biden,lerp,,clean,,,1.8521442338824272,0.07800339880221657,9.545261127641425e-05,0.0005021925899200141,0.0002988226005982142,0.1209 0.1960 0.2111 0.1179 0.1188 0.1322 0.1197 0.2666 0.3667 0.2024
Trump_Biden,slerp,,clean,,,1.3120800033211708,0.0662993395143215,9.545261127641425e-05,0.0005021925899200141,0.0002988226005982142,0.0501 0.0456 0.0556 0.0958 0.2216 0.2111 0.1691 0.1991 0.1671 0.0970
anakin,lam0.0,500,clean,,,1.4526474177837372,0.07655065155723835,8.799810893833637e-05,0.0001467140973545611,0.00011735610314644873,0.0583 0.0779 0.0982 0.1650 0.2232 0.3252 0.1615 0.1526 0.1034 0.0872
anakin,lam0.1,500,clean,,,1.4583179131150246,0.07561945730680505,8.799810893833637e-05,0.0001467140973545611,0.00011735610314644873,0.0552 0.0725 0.1159 0.1519 0.2231 0.3214 0.1674 0.1588 0.1074 0.0846
anakin,lam0.25,500,clean,,,1.4795318022370338,0.07452636312023656,8.799810893833637e-05,0.0001467140973545611,0.00011735610314644873,0.0589 0.0697 0.1121 0.1722 0.2162 0.3172 0.1654 0.1727 0.1103 0.0847
anakin,lam0.5,500,clean,,,1.566130556166172,0.06985142896088291,8.799810893833637e-05,0.0001467140973545611,0.00011735610314644873,0.0650 0.0870 0.1382 0.1881 0.2293 0.2995 0.1516 0.2014 0.1226 0.0835
anakin,lam0.75,500,clean,,,1.7038732767105103,0.05998276231749081,8.799810893833637e-05,0.0001467140973545611,0.00011735610314644873,0.0842 0.1115 0.1785 0.2017 0.2278 0.2868 0.1606 0.2052 0.1515 0.0960
anakin,lam1.0,500,clean,,,1.972055271267891,0.050783361938718595,8.799810893833637e-05,0.0001467140973545611,0.00011735610314644873,0.1264 0.1321 0.2226 0.2114 0.2335 0.2601 0.2354 0.2581 0.1515 0.1409
anakin,lerp,,clean,,,2.16474549472332,0.09209464376838272,8.799810893833637e-05,0.0001467140973545611,0.00011735610314644873,0.2330 0.3565 0.2202 0.1523 0.0649 0.1030 0.1846 0.2068 0.2922 0.3511
anakin,slerp,,clean,,,1.4292166754603386,0.060526627922822575,8.799810893833637e-05,0.0001467140973545611,0.00011735610314644873,0.0696 0.0814 0.1555 0.1453 0.1905 0.2879 0.1501 0.1469 0.1158 0.0863
anakin,lam0.0,10,z0noise,,0.1,1.5076579451560974,0.054068138227382385,6.538871821248904e-05,0.00014638742140959948,0.00010588806981104426,0.0797 0.1046 0.1545 0.1753 0.1846 0.2607 0.1924 0.1652 0.1019 0.0886
anakin,lerp,,z0noise,,0.1,2.1957390680909157,0.09416363371391431,6.538871821248904e-05,0.00014638742140959948,0.00010588806981104426,0.2216 0.3665 0.2441 0.1577 0.0677 0.0979 0.1885 0.2022 0.2990 0.3507
anakin,slerp,,z0noise,,0.1,1.5147214978933334,0.05103273970953748,6.538871821248904e-05,0.00014638742140959948,0.00010588806981104426,0.0811 0.1066 0.1679 0.1522 0.1975 0.2477 0.2009 0.1526 0.1202 0.0881
anakin,lam0.0,10,z0noise,,0.5,1.4296300932765007,0.042568362661899624,0.000201927381567657,0.00014638742140959948,0.00017415740148862824,0.0906 0.1064 0.1200 0.1480 0.1769 0.2014 0.2112 0.1715 0.1075 0.0961
anakin,lerp,,z0noise,,0.5,2.5954334139823914,0.10447133263321828,0.000201927381567657,0.00014638742140959948,0.00017415740148862824,0.4709 0.2367 0.3302 0.2909 0.1698 0.0916 0.1661 0.1976 0.2919 0.3497
anakin,slerp,,z0noise,,0.5,1.4490530490875244,0.04197285404493369,0.000201927381567657,0.00014638742140959948,0.00017415740148862824,0.0921 0.1058 0.1244 0.1493 0.1808 0.1958 0.2135 0.1762 0.1160 0.0951
arya,lam0.0,500,clean,,,1.5601316019892693,0.0663659127182826,0.00021064029715489596,0.00024017156101763248,0.00022540592908626422,0.0708 0.0908 0.1190 0.1498 0.1876 0.2728 0.2489 0.2063 0.1235 0.0906
arya,lam0.1,500,clean,,,1.587134525179863,0.06569850567811206,0.00021064029715489596,0.00024017156101763248,0.00022540592908626422,0.0708 0.0925 0.1239 0.1566 0.1912 0.2698 0.2566 0.2016 0.1300 0.0941
arya,lam0.25,500,clean,,,1.6197691187262535,0.06339876398570223,0.00021064029715489596,0.00024017156101763248,0.00022540592908626422,0.0698 0.0997 0.1351 0.1559 0.1967 0.2601 0.2546 0.2136 0.1391 0.0952
arya,lam0.5,500,clean,,,1.7137091755867004,0.060395999483830655,0.00021064029715489596,0.00024017156101763248,0.00022540592908626422,0.0738 0.1086 0.1466 0.1766 0.2044 0.2497 0.2520 0.2261 0.1793 0.0966
arya,lam0.75,500,clean,,,1.8867371007800102,0.048322582441952935,0.00021064029715489596,0.00024017156101763248,0.00022540592908626422,0.1123 0.1285 0.1660 0.1896 0.2214 0.2459 0.2599 0.2365 0.1772 0.1494
arya,lam1.0,500,clean,,,2.0603445395827293,0.05046460616203218,0.00021064029715489596,0.00024017156101763248,0.00022540592908626422,0.1541 0.1437 0.1977 0.1892 0.2435 0.2549 0.2574 0.2573 0.1170 0.2454
arya,lerp,,clean,,,2.1865633577108383,0.09909900224607855,0.00021064029715489596,0.00024017156101763248,0.00022540592908626422,0.3131 0.3564 0.1762 0.1480 0.0649 0.1643 0.1174 0.1837 0.3262 0.3364
arya,slerp,,clean,,,1.5058879405260086,0.04810044353184797,0.00021064029715489596,0.00024017156101763248,0.00022540592908626422,0.0990 0.0848 0.1084 0.1302 0.1894 0.1933 0.1985 0.2368 0.1442 0.1213
boy02,lam0.0,500,clean,,,0.9742723032832146,0.029753214674692132,0.00018731180171016604,0.0002292164135724306,0.00020826410764129832,0.0776 0.1003 0.1208 0.0776 0.1208 0.1686 0.0838 0.0843 0.0760 0.0646
boy02,lam0.1,500,clean,,,0.9741360992193222,0.028629352694864597,0.00018731180171016604,0.0002292164135724306,0.00020826410764129832,0.0773 0.0969 0.1163 0.0812 0.1142 0.1700 0.0845 0.0831 0.0637 0.0870
boy02,lam0.25,500,clean,,,1.002661481499672,0.02552347315913533,0.00018731180171016604,0.0002292164135724306,0.00020826410764129832,0.0840 0.0995 0.1134 0.0804 0.1122 0.1657 0.0988 0.0897 0.0677 0.0914
boy02,lam0.5,500,clean,,,1.020027719438076,0.017759859981971004,0.00018731180171016604,0.0002292164135724306,0.00020826410764129832,0.0912 0.1062 0.1210 0.0775 0.0951 0.1416 0.1008 0.1064 0.0819 0.0983
boy02,lam0.75,500,clean,,,1.0824690237641335,0.017676210292025343,0.00018731180171016604,0.0002292164135724306,0.00020826410764129832,0.1016 0.1189 0.1408 0.0754 0.1111 0.1242 0.0965 0.1001 0.0936 0.1202
boy02,lam1.0,500,clean,,,1.164313443005085,0.03014481324998594,0.00018731180171016604,0.0002292164135724306,0.00020826410764129832,0.1093 0.1224 0.1404 0.0957 0.1242 0.1153 0.0961 0.1192 0.0597 0.1820
boy02,lerp,,clean,,,1.5883804559707642,0.09899524361720952,0.00018731180171016604,0.0002292164135724306,0.00020826410764129832,0.2333 0.3069 0.1736 0.0854 0.0423 0.0254 0.0670 0.1211 0.2812 0.2523
boy02,slerp,,clean,,,0.8951595351099968,0.01603297236410272,0.00018731180171016604,0.0002292164135724306,0.00020826410764129832,0.0977 0.0798 0.0865 0.0851 0.0879 0.1106 0.0997 0.0685 0.0634 0.1161
boy03,lam0.0,500,clean,,,1.2661387994885445,0.04561290383393639,0.0001847115345299244,0.00011452064063632861,0.0001496160875831265,0.0705 0.1018 0.1074 0.1259 0.1728 0.2268 0.1454 0.0981 0.1454 0.0721
boy03,lam0.1,500,clean,,,1.256530448794365,0.04304767396769773,0.0001847115345299244,0.00011452064063632861,0.0001496160875831265,0.0822 0.0857 0.1135 0.1215 0.1748 0.2182 0.1477 0.1008 0.1379 0.0743
boy03,lam0.25,500,clean,,,1.2813399136066437,0.0410085461047717,0.0001847115345299244,0.00011452064063632861,0.0001496160875831265,0.0874 0.0830 0.1201 0.1241 0.1775 0.2157 0.1461 0.1103 0.1364 0.0809
boy03,lam0.5,500,clean,,,1.3281619846820831,0.03872018840147178,0.0001847115345299244,0.00011452064063632861,0.0001496160875831265,0.0906 0.0928 0.1320 0.1258 0.1662 0.2159 0.1410 0.1048 0.1660 0.0931
boy03,lam0.75,500,clean,,,1.390028715133667,0.03609787775924527,0.0001847115345299244,0.00011452064063632861,0.0001496160875831265,0.0971 0.1002 0.1389 0.1198 0.1669 0.2140 0.1448 0.1021 0.1777 0.1285
boy03,lam1.0,500,clean,,,1.5141916498541832,0.03943619342447594,0.0001847115345299244,0.00011452064063632861,0.0001496160875831265,0.1113 0.1126 0.1351 0.1309 0.1639 0.2058 0.1771 0.1268 0.1196 0.2311
boy03,lerp,,clean,,,1.8243159726262093,0.10058911516304705,0.0001847115345299244,0.00011452064063632861,0.0001496160875831265,0.2415 0.3166 0.1854 0.1630 0.0647 0.0349 0.1018 0.1405 0.3691 0.2068
boy03,slerp,,clean,,,1.183695025742054,0.03616484456540879,0.0001847115345299244,0.00011452064063632861,0.0001496160875831265,0.1096 0.0888 0.1059 0.1052 0.1118 0.1785 0.1833 0.0926 0.0662 0.1416
boy_girl_0,lam0.0,500,clean,,,1.4079987555742264,0.07101800732213409,0.0002112063957611099,0.00010236212256131694,0.0001567842591612134,0.0646 0.0948 0.1013 0.1281 0.2587 0.2841 0.1692 0.1206 0.1106 0.0758
boy_girl_0,lam0.1,500,clean,,,1.3925679698586464,0.06882190953929908,0.0002112063957611099,0.00010236212256131694,0.0001567842591612134,0.0800 0.0827 0.0939 0.1257 0.2554 0.2792 0.1644 0.1237 0.1073 0.0803
boy_girl_0,lam0.25,500,clean,,,1.4067936018109322,0.06519796778539294,0.0002112063957611099,0.00010236212256131694,0.0001567842591612134,0.0897 0.0796 0.1013 0.1228 0.2522 0.2749 0.1443 0.1431 0.1138 0.0850
boy_girl_0,lam0.5,500,clean,,,1.462605431675911,0.055657674549321974,0.0002112063957611099,0.00010236212256131694,0.0001567842591612134,0.0997 0.0897 0.1192 0.1169 0.2431 0.2537 0.1513 0.1669 0.1203 0.1019
boy_girl_0,lam0.75,500,clean,,,1.517731487751007,0.049225432731191766,0.0002112063957611099,0.00010236212256131694,0.0001567842591612134,0.1125 0.1021 0.1223 0.1187 0.2403 0.2397 0.1268 0.1840 0.1515 0.1199
boy_girl_0,lam1.0,500,clean,,,1.687795229256153,0.045275474715471595,0.0002112063957611099,0.00010236212256131694,0.0001567842591612134,0.1266 0.1065 0.1251 0.1308 0.2238 0.2404 0.1732 0.2231 0.1557 0.1826
boy_girl_0,lerp,,clean,,,2.0157348103821278,0.11814818565074965,0.0002112063957611099,0.00010236212256131694,0.0001567842591612134,0.2357 0.3492 0.1733 0.1808 0.0567 0.0334 0.0856 0.1935 0.4100 0.2975
boy_girl_0,slerp,,clean,,,1.3744236528873444,0.05798249775219278,0.0002112063957611099,0.00010236212256131694,0.0001567842591612134,0.1050 0.0829 0.0810 0.0991 0.1987 0.2590 0.1808 0.1734 0.0974 0.0972
boy_girl_3,lam0.0,500,clean,,,1.4007728770375252,0.0629130019191568,0.00011384402750991285,7.97505781520158e-05,9.679730283096433e-05,0.0676 0.1017 0.1541 0.1378 0.2845 0.2067 0.1376 0.1475 0.0967 0.0665
boy_girl_3,lam0.1,500,clean,,,1.384055994451046,0.06280923670945428,0.00011384402750991285,7.97505781520158e-05,9.679730283096433e-05,0.0690 0.0992 0.1553 0.1349 0.2876 0.1990 0.1340 0.1406 0.0987 0.0659
boy_girl_3,lam0.25,500,clean,,,1.4172084257006645,0.06194474786245787,0.00011384402750991285,7.97505781520158e-05,9.679730283096433e-05,0.0698 0.1070 0.1593 0.1327 0.2781 0.2187 0.1300 0.1516 0.0995 0.0706
boy_girl_3,lam0.5,500,clean,,,1.5637367963790894,0.05689606137543571,0.00011384402750991285,7.97505781520158e-05,9.679730283096433e-05,0.0812 0.1392 0.1765 0.1450 0.2555 0.2498 0.1480 0.1629 0.1301 0.0756
boy_girl_3,lam0.75,500,clean,,,1.7014610320329666,0.05076371471187645,0.00011384402750991285,7.97505781520158e-05,9.679730283096433e-05,0.1251 0.1370 0.1796 0.1574 0.2824 0.2122 0.1729 0.1427 0.2013 0.0909
boy_girl_3,lam1.0,500,clean,,,1.8410494849085808,0.04503287408665817,0.00011384402750991285,7.97505781520158e-05,9.679730283096433e-05,0.1927 0.1163 0.1864 0.1557 0.2777 0.2074 0.1831 0.1623 0.1298 0.2297
boy_girl_3,lerp,,clean,,,1.9021258130669594,0.1103108388557277,0.00011384402750991285,7.97505781520158e-05,9.679730283096433e-05,0.2127 0.3593 0.1874 0.1197 0.0507 0.0711 0.0862 0.1608 0.3762 0.2780
boy_girl_3,slerp,,clean,,,1.351150929927826,0.045014162299640094,0.00011384402750991285,7.97505781520158e-05,9.679730283096433e-05,0.1365 0.0913 0.1146 0.1023 0.2348 0.1999 0.1259 0.1460 0.0962 0.1037
carr_cars,lam0.0,500,clean,,,1.2256288304924965,0.07532663720545715,0.00038588009192608297,0.0002525071322452277,0.00031919361208565533,0.0546 0.0973 0.1479 0.1316 0.3138 0.1632 0.1383 0.0764 0.0500 0.0525
carr_cars,lam0.1,500,clean,,,1.2021285891532898,0.07641768160046923,0.00038588009192608297,0.0002525071322452277,0.00031919361208565533,0.0514 0.0925 0.1274 0.1476 0.3150 0.1597 0.1357 0.0771 0.0506 0.0451
carr_cars,lam0.25,500,clean,,,1.2010959573090076,0.06333565557569931,0.00038588009192608297,0.0002525071322452277,0.00031919361208565533,0.0521 0.1227 0.1295 0.2451 0.1928 0.1611 0.1258 0.0826 0.0484 0.0411
carr_cars,lam0.5,500,clean,,,1.2422450333833694,0.06450396805490881,0.00038588009192608297,0.0002525071322452277,0.00031919361208565533,0.0532 0.1820 0.1097 0.2422 0.1779 0.1775 0.1166 0.0885 0.0573 0.0373
carr_cars,lam0.75,500,clean,,,1.288716658949852,0.06125038722635327,0.00038588009192608297,0.0002525071322452277,0.00031919361208565533,0.0564 0.1922 0.1165 0.2309 0.1732 0.1875 0.1262 0.0905 0.0761 0.0392
carr_cars,lam1.0,500,clean,,,1.3789288476109505,0.05117599515192212,0.00038588009192608297,0.0002525071322452277,0.00031919361208565533,0.0821 0.1422 0.1471 0.2383 0.1664 0.1987 0.1410 0.1093 0.0846 0.0692
carr_cars,lerp,,clean,,,2.2141961492598057,0.09679179735229922,0.00038588009192608297,0.0002525071322452277,0.00031919361208565533,0.2928 0.1971 0.3948 0.1297 0.1290 0.0470 0.2429 0.3019 0.2781 0.2008
carr_cars,slerp,,clean,,,1.0627173222601414,0.05968620776119083,0.00038588009192608297,0.0002525071322452277,0.00031919361208565533,0.0676 0.1007 0.0723 0.1628 0.2504 0.1475 0.0782 0.0752 0.0598 0.0481
cars_van,lam0.0,500,clean,,,1.3880640789866447,0.09531401492791504,0.0002520493289921433,0.000149645478813909,0.00020084740390302613,0.0507 0.0747 0.0832 0.0959 0.2917 0.3265 0.2050 0.1301 0.0576 0.0726
cars_van,lam0.1,500,clean,,,1.3630701079964638,0.09120720351999761,0.0002520493289921433,0.000149645478813909,0.00020084740390302613,0.0389 0.0728 0.0817 0.1101 0.2632 0.3256 0.1965 0.1441 0.0544 0.0757
cars_van,lam0.25,500,clean,,,1.4384132213890553,0.09804531130384804,0.0002520493289921433,0.000149645478813909,0.00020084740390302613,0.0390 0.0841 0.0993 0.0975 0.3045 0.3301 0.2087 0.1467 0.0582 0.0705
cars_van,lam0.5,500,clean,,,1.4935881942510605,0.09389129530824634,0.0002520493289921433,0.000149645478813909,0.00020084740390302613,0.0406 0.0976 0.1066 0.1001 0.3020 0.3271 0.2049 0.1654 0.0778 0.0715
cars_van,lam0.75,500,clean,,,1.6029897332191467,0.09486208789552372,0.0002520493289921433,0.000149645478813909,0.00020084740390302613,0.0469 0.1006 0.1162 0.1149 0.3154 0.3367 0.2123 0.1873 0.0915 0.0813
cars_van,lam1.0,500,clean,,,1.7424106821417809,0.08782305343698786,0.0002520493289921433,0.000149645478813909,0.00020084740390302613,0.0535 0.1277 0.1085 0.1722 0.2939 0.3135 0.2570 0.2216 0.0711 0.1233
cars_van,lerp,,clean,,,2.136494353413582,0.0698466918236264,0.0002520493289921433,0.000149645478813909,0.00020084740390302613,0.1993 0.2308 0.3671 0.1245 0.1845 0.1860 0.1110 0.2708 0.2119 0.2505
cars_van,slerp,,clean,,,1.2702131904661655,0.07689662373823522,0.0002520493289921433,0.000149645478813909,0.00020084740390302613,0.0789 0.0845 0.0832 0.0857 0.2237 0.2861 0.2123 0.0689 0.0863 0.0606
cat_rabbit,lam0.0,500,clean,,,1.6800930798053741,0.08644715805602961,8.062079723458737e-05,0.00012848193000536412,0.00010455136361997575,0.0764 0.1074 0.0965 0.2349 0.2427 0.2335 0.3266 0.2059 0.0926 0.0635
cat_rabbit,lam0.1,500,clean,,,1.695976085960865,0.08942591623895237,8.062079723458737e-05,0.00012848193000536412,0.00010455136361997575,0.0716 0.1042 0.1025 0.2488 0.2382 0.2275 0.3370 0.2104 0.0972 0.0586
cat_rabbit,lam0.25,500,clean,,,1.7167441695928574,0.0937547923637724,8.062079723458737e-05,0.00012848193000536412,0.00010455136361997575,0.0723 0.1004 0.1072 0.2575 0.2402 0.2248 0.3512 0.2150 0.0929 0.0551
cat_rabbit,lam0.5,500,clean,,,1.9025895819067955,0.09957235407922288,8.062079723458737e-05,0.00012848193000536412,0.00010455136361997575,0.0756 0.1173 0.2032 0.2266 0.2390 0.2793 0.3846 0.2362 0.0810 0.0597
cat_rabbit,lam0.75,500,clean,,,2.106883779168129,0.1095978766962467,8.062079723458737e-05,0.00012848193000536412,0.00010455136361997575,0.0759 0.1347 0.2773 0.2105 0.2684 0.3243 0.4072 0.2509 0.0941 0.0635
cat_rabbit,lam1.0,500,clean,,,2.3210242241621017,0.10838434776670058,8.062079723458737e-05,0.00012848193000536412,0.00010455136361997575,0.1175 0.1705 0.2935 0.2207 0.2868 0.3730 0.3868 0.3040 0.0631 0.1051
cat_rabbit,lerp,,clean,,,2.195047289133072,0.11533041456831544,8.062079723458737e-05,0.00012848193000536412,0.00010455136361997575,0.1966 0.3746 0.2268 0.1449 0.0791 0.0833 0.1769 0.1890 0.4650 0.2588
cat_rabbit,slerp,,clean,,,1.6108527183532715,0.0882422381994839,8.062079723458737e-05,0.00012848193000536412,0.00010455136361997575,0.0697 0.0794 0.0834 0.2355 0.2625 0.2725 0.2670 0.1969 0.0818 0.0622
chair01,lam0.0,500,clean,,,1.3466016538441181,0.11052816803895336,0.0001899956987472251,3.569921318558045e-05,0.00011284745596640278,0.0548 0.0670 0.0838 0.3667 0.2781 0.1661 0.2111 0.0528 0.0350 0.0311
chair01,lam0.1,500,clean,,,1.3778503835201263,0.11791364187620647,0.0001899956987472251,3.569921318558045e-05,0.00011284745596640278,0.0456 0.0665 0.1004 0.3977 0.2692 0.1287 0.2438 0.0580 0.0349 0.0331
chair01,lam0.25,500,clean,,,1.4210212342441082,0.11730450839451516,0.0001899956987472251,3.569921318558045e-05,0.00011284745596640278,0.0455 0.0723 0.1216 0.3978 0.2686 0.1324 0.2520 0.0570 0.0382 0.0355
chair01,lam0.5,500,clean,,,1.5480797067284584,0.10465370891941457,0.0001899956987472251,3.569921318558045e-05,0.00011284745596640278,0.0473 0.1186 0.2118 0.3386 0.2726 0.1423 0.2666 0.0628 0.0455 0.0421
chair01,lam0.75,500,clean,,,1.6116709038615227,0.1006344923660783,0.0001899956987472251,3.569921318558045e-05,0.00011284745596640278,0.0687 0.1171 0.2238 0.3243 0.2639 0.1561 0.2893 0.0492 0.0664 0.0529
chair01,lam1.0,500,clean,,,1.7025988698005676,0.10321875013584131,0.0001899956987472251,3.569921318558045e-05,0.00011284745596640278,0.1051 0.1074 0.2312 0.3262 0.2620 0.1521 0.3267 0.0433 0.0387 0.1099
chair01,lerp,,clean,,,1.8151503130793571,0.07911381587871859,0.0001899956987472251,3.569921318558045e-05,0.00011284745596640278,0.2314 0.3637 0.1994 0.2436 0.0899 0.0953 0.1490 0.1097 0.1778 0.1553
chair01,slerp,,clean,,,1.3373104557394981,0.1011705001356736,0.0001899956987472251,3.569921318558045e-05,0.00011284745596640278,0.0682 0.0706 0.1088 0.2823 0.3016 0.2593 0.1308 0.0517 0.0321 0.0319
chair12,lam0.0,500,clean,,,1.3649749048054218,0.11318427468217426,3.5446246329229325e-05,0.00012723149848170578,8.133887240546755e-05,0.0439 0.0475 0.1021 0.1510 0.3254 0.3756 0.1051 0.1209 0.0466 0.0468
chair12,lam0.1,500,clean,,,1.3642957471311092,0.11549887505107853,3.5446246329229325e-05,0.00012723149848170578,8.133887240546755e-05,0.0381 0.0547 0.0961 0.1429 0.3430 0.3703 0.1065 0.1238 0.0481 0.0408
chair12,lam0.25,500,clean,,,1.3703905828297138,0.11758807952709915,3.5446246329229325e-05,0.00012723149848170578,8.133887240546755e-05,0.0383 0.0641 0.0967 0.1157 0.3660 0.3625 0.1076 0.1292 0.0525 0.0379
chair12,lam0.5,500,clean,,,1.3778847008943558,0.11174730322101908,3.5446246329229325e-05,0.00012723149848170578,8.133887240546755e-05,0.0446 0.0769 0.0909 0.1074 0.3658 0.3391 0.1248 0.1347 0.0550 0.0387
chair12,lam0.75,500,clean,,,1.4441004507243633,0.10454208431506248,3.5446246329229325e-05,0.00012723149848170578,8.133887240546755e-05,0.0665 0.0787 0.0890 0.1416 0.3516 0.3341 0.1424 0.1348 0.0539 0.0515
chair12,lam1.0,500,clean,,,1.5378618389368057,0.10526248145280447,3.5446246329229325e-05,0.00012723149848170578,8.133887240546755e-05,0.0849 0.0741 0.0940 0.1476 0.3585 0.3437 0.1758 0.1334 0.0441 0.0819
chair12,lerp,,clean,,,1.715719148516655,0.04123395749098818,3.5446246329229325e-05,0.00012723149848170578,8.133887240546755e-05,0.1701 0.1884 0.1219 0.1408 0.1322 0.1683 0.2483 0.1349 0.2387 0.1721
chair12,slerp,,clean,,,1.0984777994453907,0.07645401141657567,3.5446246329229325e-05,0.00012723149848170578,8.133887240546755e-05,0.0390 0.0603 0.0870 0.1250 0.1675 0.3088 0.1206 0.0860 0.0544 0.0500
gandalf,lam0.0,500,clean,,,1.2966308295726776,0.05190129484618716,4.901865395368077e-05,0.00013435623259283602,9.16874432732584e-05,0.0827 0.0975 0.0982 0.1652 0.1206 0.2664 0.1263 0.1467 0.1063 0.0869
gandalf,lam0.1,500,clean,,,1.294456958770752,0.047558082073859025,4.901865395368077e-05,0.00013435623259283602,9.16874432732584e-05,0.0772 0.0971 0.0940 0.1745 0.1379 0.2412 0.1329 0.1491 0.1069 0.0836
gandalf,lam0.25,500,clean,,,1.3517014756798744,0.051067798130340174,4.901865395368077e-05,0.00013435623259283602,9.16874432732584e-05,0.0735 0.0991 0.0965 0.2052 0.1604 0.2343 0.1236 0.1634 0.1120 0.0837
gandalf,lam0.5,500,clean,,,1.457054778933525,0.04873426004370507,4.901865395368077e-05,0.00013435623259283602,9.16874432732584e-05,0.0745 0.1085 0.1161 0.2359 0.1527 0.1796 0.2044 0.1409 0.1577 0.0867
gandalf,lam0.75,500,clean,,,1.545741692185402,0.049966888109873604,4.901865395368077e-05,0.00013435623259283602,9.16874432732584e-05,0.0920 0.1356 0.1329 0.2503 0.1473 0.1311 0.2258 0.1307 0.1988 0.1013
gandalf,lam1.0,500,clean,,,1.8227728605270386,0.053538467833608015,4.901865395368077e-05,0.00013435623259283602,9.16874432732584e-05,0.1087 0.1971 0.2408 0.2078 0.1830 0.1260 0.2275 0.1320 0.1272 0.2727
gandalf,lerp,,clean,,,1.8211938180029392,0.14795889886109612,4.901865395368077e-05,0.00013435623259283602,9.16874432732584e-05,0.3067 0.4180 0.1111 0.0767 0.0300 0.0267 0.0537 0.0898 0.3567 0.3519
gandalf,slerp,,clean,,,1.2210497930645943,0.03208937487093807,4.901865395368077e-05,0.00013435623259283602,9.16874432732584e-05,0.0888 0.0915 0.0944 0.1182 0.1834 0.1691 0.1102 0.1511 0.1131 0.1013
girl01,lam0.0,500,clean,,,1.3674984760582447,0.05716643853875471,0.00010442962957313284,7.123249815776944e-05,8.783106386545114e-05,0.0888 0.1286 0.1672 0.2230 0.2425 0.1454 0.1327 0.0969 0.0873 0.0552
girl01,lam0.1,500,clean,,,1.367591068148613,0.05596550228272563,0.00010442962957313284,7.123249815776944e-05,8.783106386545114e-05,0.0932 0.1305 0.1733 0.2221 0.2345 0.1432 0.1240 0.1147 0.0826 0.0496
girl01,lam0.25,500,clean,,,1.3941085264086723,0.052315592099425524,0.00010442962957313284,7.123249815776944e-05,8.783106386545114e-05,0.0952 0.1473 0.2067 0.1849 0.2320 0.1325 0.1147 0.1291 0.1014 0.0502
girl01,lam0.5,500,clean,,,1.4715640246868134,0.04933214002000668,0.00010442962957313284,7.123249815776944e-05,8.783106386545114e-05,0.1082 0.1683 0.2057 0.1866 0.2319 0.1236 0.1106 0.1488 0.1303 0.0575
girl01,lam0.75,500,clean,,,1.6323858052492142,0.04604042997013256,0.00010442962957313284,7.123249815776944e-05,8.783106386545114e-05,0.1369 0.1763 0.2106 0.1888 0.2482 0.1278 0.1631 0.1403 0.1691 0.0716
girl01,lam1.0,500,clean,,,1.7613263949751854,0.044981613902798076,0.00010442962957313284,7.123249815776944e-05,8.783106386545114e-05,0.1770 0.1745 0.2199 0.1954 0.2509 0.1295 0.2198 0.1141 0.1703 0.1100
girl01,lerp,,clean,,,1.9085182324051857,0.08537413229892965,0.00010442962957313284,7.123249815776944e-05,8.783106386545114e-05,0.2752 0.3510 0.2366 0.0602 0.1391 0.1086 0.1005 0.1798 0.2418 0.2157
girl01,slerp,,clean,,,1.2589105889201164,0.05374218397425417,0.00010442962957313284,7.123249815776944e-05,8.783106386545114e-05,0.1099 0.1004 0.1338 0.2464 0.1803 0.1679 0.0745 0.0718 0.0824 0.0914
girl03,lam0.0,500,clean,,,1.3287347555160522,0.0455741783173633,8.889989840099588e-05,8.303827053168789e-05,8.596908446634188e-05,0.0642 0.0876 0.1057 0.1640 0.1340 0.1620 0.2248 0.1421 0.1588 0.0855
girl03,lam0.1,500,clean,,,1.322884812951088,0.04376257383233481,8.889989840099588e-05,8.303827053168789e-05,8.596908446634188e-05,0.0627 0.0887 0.1064 0.1619 0.1495 0.1617 0.2063 0.1285 0.1743 0.0829
girl03,lam0.25,500,clean,,,1.3984018415212631,0.0437594598814069,8.889989840099588e-05,8.303827053168789e-05,8.596908446634188e-05,0.0630 0.0950 0.1351 0.1597 0.1681 0.1441 0.2168 0.1444 0.1810 0.0912
girl03,lam0.5,500,clean,,,1.5328493639826775,0.040652961655246365,8.889989840099588e-05,8.303827053168789e-05,8.596908446634188e-05,0.0739 0.1245 0.1591 0.1712 0.1598 0.1614 0.2026 0.1963 0.1889 0.0951
girl03,lam0.75,500,clean,,,1.6650518774986267,0.03812375906004904,8.889989840099588e-05,8.303827053168789e-05,8.596908446634188e-05,0.0989 0.1696 0.1794 0.1747 0.1322 0.1978 0.1836 0.2192 0.2006 0.1088
girl03,lam1.0,500,clean,,,1.9536088109016418,0.05799921652217971,8.889989840099588e-05,8.303827053168789e-05,8.596908446634188e-05,0.1325 0.2224 0.1844 0.1803 0.1631 0.2328 0.1418 0.3323 0.1363 0.2278
girl03,lerp,,clean,,,1.8877869695425034,0.12393230627589301,8.889989840099588e-05,8.303827053168789e-05,8.596908446634188e-05,0.2708 0.3560 0.2182 0.0823 0.0392 0.0427 0.0643 0.1470 0.3770 0.2903
girl03,slerp,,clean,,,1.2351120859384537,0.028323069925862577,8.889989840099588e-05,8.303827053168789e-05,8.596908446634188e-05,0.0860 0.0969 0.1421 0.1209 0.1021 0.1255 0.1928 0.1340 0.1246 0.1102
girl12,lam0.0,500,clean,,,1.140646405518055,0.043013243272150226,7.137808279367164e-05,0.00010584244591882452,8.861026435624808e-05,0.0547 0.0799 0.1174 0.1269 0.1229 0.2063 0.1577 0.1218 0.0878 0.0653
girl12,lam0.1,500,clean,,,1.1455537676811218,0.042882711657551364,7.137808279367164e-05,0.00010584244591882452,8.861026435624808e-05,0.0543 0.0921 0.1101 0.1248 0.1222 0.2028 0.1694 0.1167 0.0908 0.0624
girl12,lam0.25,500,clean,,,1.1743540614843369,0.042327621398572976,7.137808279367164e-05,0.00010584244591882452,8.861026435624808e-05,0.0517 0.1008 0.1168 0.1252 0.1228 0.1897 0.1871 0.1103 0.1074 0.0626
girl12,lam0.5,500,clean,,,1.2114339880645275,0.04068411363308089,7.137808279367164e-05,0.00010584244591882452,8.861026435624808e-05,0.0503 0.1082 0.1411 0.1193 0.1115 0.1688 0.1977 0.1262 0.1195 0.0689
girl12,lam0.75,500,clean,,,1.3169615343213081,0.04145385933940047,7.137808279367164e-05,0.00010584244591882452,8.861026435624808e-05,0.0518 0.1155 0.1742 0.1281 0.1045 0.1651 0.1850 0.1661 0.1461 0.0805
girl12,lam1.0,500,clean,,,1.5036095976829529,0.042430729680607744,7.137808279367164e-05,0.00010584244591882452,8.861026435624808e-05,0.0879 0.1209 0.2400 0.1190 0.1195 0.1491 0.1480 0.1961 0.1401 0.1829
girl12,lerp,,clean,,,1.64711594581604,0.08849585055298803,7.137808279367164e-05,0.00010584244591882452,8.861026435624808e-05,0.2088 0.2677 0.1453 0.0711 0.0628 0.0633 0.0708 0.2155 0.3027 0.2390
girl12,slerp,,clean,,,1.0448816791176796,0.019407950880647642,7.137808279367164e-05,0.00010584244591882452,8.861026435624808e-05,0.0789 0.1033 0.0803 0.1069 0.1288 0.1447 0.0992 0.1105 0.1037 0.0887
girl23,lam0.0,500,clean,,,1.0534384325146675,0.02666921448039674,0.00012333584891166538,7.839673344278708e-05,0.00010086629117722623,0.0602 0.0808 0.1091 0.1428 0.1154 0.1280 0.1194 0.1370 0.0816 0.0792
girl23,lam0.1,500,clean,,,1.0490982048213482,0.027333064552945267,0.00012333584891166538,7.839673344278708e-05,0.00010086629117722623,0.0567 0.0766 0.1178 0.1317 0.1079 0.1336 0.1300 0.1307 0.0941 0.0701
girl23,lam0.25,500,clean,,,1.0631003715097904,0.02806834001171839,0.00012333584891166538,7.839673344278708e-05,0.00010086629117722623,0.0546 0.0853 0.1293 0.1197 0.1039 0.1276 0.1331 0.1421 0.1008 0.0668
girl23,lam0.5,500,clean,,,1.1360835656523705,0.033756031403146806,0.00012333584891166538,7.839673344278708e-05,0.00010086629117722623,0.0595 0.0921 0.1629 0.1053 0.1056 0.1312 0.1267 0.1664 0.1190 0.0673
girl23,lam0.75,500,clean,,,1.2458220943808556,0.04476979321015321,0.00012333584891166538,7.839673344278708e-05,0.00010086629117722623,0.0695 0.1438 0.1976 0.0863 0.0902 0.1306 0.0966 0.1791 0.1754 0.0768
girl23,lam1.0,500,clean,,,1.5683736205101013,0.047107221839137826,0.00012333584891166538,7.839673344278708e-05,0.00010086629117722623,0.1486 0.1789 0.2399 0.0856 0.0920 0.1338 0.1464 0.1383 0.1899 0.2150
girl23,lerp,,clean,,,1.675320966169238,0.1208946251127713,0.00012333584891166538,7.839673344278708e-05,0.00010086629117722623,0.2536 0.3145 0.2008 0.0612 0.0237 0.0245 0.0357 0.1316 0.3417 0.2881
girl23,slerp,,clean,,,1.041334606707096,0.020424811197654477,0.00012333584891166538,7.839673344278708e-05,0.00010086629117722623,0.0935 0.1157 0.1169 0.1138 0.0693 0.0701 0.0940 0.1126 0.1289 0.1267
girl,lam0.0,500,clean,,,0.34138020128011703,0.027958717189385838,0.00013539638894144446,0.00010540907533140853,0.0001204027321364265,0.0222 0.0216 0.0251 0.0298 0.1127 0.0519 0.0269 0.0163 0.0179 0.0169
girl,lam0.1,500,clean,,,0.3148421049118042,0.026777884113179988,0.00013539638894144446,0.00010540907533140853,0.0001204027321364265,0.0221 0.0156 0.0241 0.0289 0.1066 0.0480 0.0236 0.0167 0.0160 0.0133
girl,lam0.25,500,clean,,,0.3422229252755642,0.0286808694215181,0.00013539638894144446,0.00010540907533140853,0.0001204027321364265,0.0215 0.0186 0.0301 0.0322 0.1144 0.0516 0.0245 0.0187 0.0171 0.0134
girl,lam0.5,500,clean,,,0.3900065766647458,0.025844816353372758,0.00013539638894144446,0.00010540907533140853,0.0001204027321364265,0.0258 0.0283 0.0329 0.0326 0.1112 0.0539 0.0256 0.0368 0.0274 0.0155
girl,lam0.75,500,clean,,,0.449279997497797,0.024231239811503102,0.00013539638894144446,0.00010540907533140853,0.0001204027321364265,0.0359 0.0297 0.0371 0.0330 0.1118 0.0585 0.0438 0.0406 0.0397 0.0193
girl,lam1.0,500,clean,,,0.5674809589982033,0.025030845076875932,0.00013539638894144446,0.00010540907533140853,0.0001204027321364265,0.0451 0.0329 0.0362 0.0386 0.1198 0.0528 0.0522 0.0453 0.0630 0.0817
girl,lerp,,clean,,,0.3515481986105442,0.0256871665370726,0.00013539638894144446,0.00010540907533140853,0.0001204027321364265,0.0322 0.0245 0.0233 0.0244 0.1057 0.0562 0.0250 0.0164 0.0209 0.0229
girl,slerp,,clean,,,0.2842821851372719,0.025159865746541134,0.00013539638894144446,0.00010540907533140853,0.0001204027321364265,0.0250 0.0129 0.0154 0.0178 0.0969 0.0505 0.0223 0.0131 0.0140 0.0165
house_left,lam0.0,500,clean,,,1.3628143593668938,0.0724738319202207,0.0005084339645691216,0.00032715758425183594,0.00041779577441047877,0.0546 0.0736 0.1001 0.1675 0.2671 0.1683 0.2543 0.1017 0.1168 0.0589
house_left,lam0.1,500,clean,,,1.3830594941973686,0.0740189262479721,0.0005084339645691216,0.00032715758425183594,0.00041779577441047877,0.0493 0.0692 0.1012 0.2039 0.2560 0.1694 0.2534 0.0992 0.1247 0.0568
house_left,lam0.25,500,clean,,,1.4047058820724487,0.07593338798626123,0.0005084339645691216,0.00032715758425183594,0.00041779577441047877,0.0465 0.0702 0.1078 0.2115 0.2630 0.1722 0.2517 0.1046 0.1253 0.0519
house_left,lam0.5,500,clean,,,1.4532076865434647,0.07442022442293808,0.0005084339645691216,0.00032715758425183594,0.00041779577441047877,0.0467 0.0819 0.1303 0.2105 0.2652 0.1801 0.2519 0.1071 0.1258 0.0538
house_left,lam0.75,500,clean,,,1.5479550659656525,0.07100365492452516,0.0005084339645691216,0.00032715758425183594,0.00041779577441047877,0.0680 0.1125 0.1386 0.1939 0.2689 0.2013 0.2661 0.1100 0.1291 0.0595
house_left,lam1.0,500,clean,,,1.6972234100103378,0.06048962122118689,0.0005084339645691216,0.00032715758425183594,0.00041779577441047877,0.1246 0.1097 0.1537 0.1943 0.2543 0.2125 0.2846 0.1220 0.1412 0.1003
house_left,lerp,,clean,,,2.0494009852409363,0.11793731963042582,0.0005084339645691216,0.00032715758425183594,0.00041779577441047877,0.2537 0.4861 0.1683 0.0661 0.1133 0.0931 0.1108 0.2406 0.2690 0.2484
house_left,slerp,,clean,,,1.3527125045657158,0.0663610973064661,0.0005084339645691216,0.00032715758425183594,0.00041779577441047877,0.0619 0.0824 0.1350 0.1494 0.2398 0.2511 0.1750 0.1261 0.0718 0.0604
house_lr,lam0.0,500,clean,,,1.6892324835062027,0.10679798376183773,0.0004790276288986206,0.001162016298621893,0.0008205219637602568,0.0578 0.0766 0.0935 0.1660 0.3612 0.2783 0.3298 0.1236 0.1280 0.0744
house_lr,lam0.1,500,clean,,,1.6748731397092342,0.10460555873637067,0.0004790276288986206,0.001162016298621893,0.0008205219637602568,0.0525 0.0796 0.0944 0.1709 0.3488 0.2803 0.3240 0.1179 0.1372 0.0693
house_lr,lam0.25,500,clean,,,1.7020252011716366,0.10235170311614354,0.0004790276288986206,0.001162016298621893,0.0008205219637602568,0.0587 0.0828 0.0979 0.1813 0.3446 0.2803 0.3221 0.1207 0.1471 0.0665
house_lr,lam0.5,500,clean,,,1.733186386525631,0.09544337134938072,0.0004790276288986206,0.001162016298621893,0.0008205219637602568,0.0755 0.0854 0.1194 0.1807 0.3401 0.2696 0.3151 0.1205 0.1563 0.0706
house_lr,lam0.75,500,clean,,,1.8176713436841965,0.08959237610214535,0.0004790276288986206,0.001162016298621893,0.0008205219637602568,0.1030 0.0944 0.1399 0.1648 0.3498 0.2725 0.3095 0.1417 0.1574 0.0846
house_lr,lam1.0,500,clean,,,1.9594436213374138,0.08123737032841191,0.0004790276288986206,0.001162016298621893,0.0008205219637602568,0.1136 0.1167 0.1794 0.1717 0.3429 0.2819 0.3159 0.1618 0.1577 0.1179
house_lr,lerp,,clean,,,2.319484181702137,0.12896670521734027,0.0004790276288986206,0.001162016298621893,0.0008205219637602568,0.2267 0.5084 0.1424 0.0900 0.1522 0.1110 0.1356 0.2722 0.3964 0.2846
house_lr,slerp,,clean,,,1.5315435826778412,0.08153029043664801,0.0004790276288986206,0.001162016298621893,0.0008205219637602568,0.0666 0.0712 0.1071 0.1604 0.2330 0.3049 0.2618 0.1520 0.0967 0.0778
mona_pearl,lam0.0,500,clean,,,1.542699582874775,0.07155470885034254,0.00017025042325258255,6.502147152787074e-05,0.00011763594739022665,0.0944 0.1224 0.1392 0.1776 0.2667 0.2987 0.1336 0.1544 0.0886 0.0672
mona_pearl,lam0.1,500,clean,,,1.5220980942249298,0.07172761933907046,0.00017025042325258255,6.502147152787074e-05,0.00011763594739022665,0.0837 0.1219 0.1432 0.1743 0.2680 0.2877 0.1359 0.1629 0.0851 0.0594
mona_pearl,lam0.25,500,clean,,,1.516462255269289,0.07124869675079427,0.00017025042325258255,6.502147152787074e-05,0.00011763594739022665,0.0830 0.1233 0.1550 0.1746 0.2612 0.2786 0.1433 0.1720 0.0745 0.0509
mona_pearl,lam0.5,500,clean,,,1.533950075507164,0.07104893620547181,0.00017025042325258255,6.502147152787074e-05,0.00011763594739022665,0.0867 0.1292 0.1520 0.1957 0.2509 0.2641 0.1621 0.1884 0.0630 0.0419
mona_pearl,lam0.75,500,clean,,,1.5797854028642178,0.07504483295939054,0.00017025042325258255,6.502147152787074e-05,0.00011763594739022665,0.0885 0.1299 0.1730 0.1861 0.2605 0.2530 0.1820 0.2181 0.0515 0.0371
mona_pearl,lam1.0,500,clean,,,1.6270457096397877,0.0809998393040158,0.00017025042325258255,6.502147152787074e-05,0.00011763594739022665,0.0922 0.1262 0.2007 0.1714 0.2569 0.2543 0.1759 0.2669 0.0368 0.0458
mona_pearl,lerp,,clean,,,2.1400685161352158,0.07189893548565435,0.00017025042325258255,6.502147152787074e-05,0.00011763594739022665,0.2925 0.3211 0.2231 0.1193 0.1129 0.1317 0.1939 0.1992 0.2593 0.2871
mona_pearl,slerp,,clean,,,1.29310954362154,0.06408887333166367,0.00017025042325258255,6.502147152787074e-05,0.00011763594739022665,0.0820 0.1026 0.1200 0.1425 0.2286 0.2629 0.1298 0.1024 0.0690 0.0533
obama_putin,lam0.0,500,clean,,,1.2153929993510246,0.07761304387790464,9.835049422690645e-05,5.7628985814517364e-05,7.79897400207119e-05,0.0396 0.0729 0.0573 0.1166 0.2209 0.2486 0.2395 0.0787 0.0763 0.0650
obama_putin,lam0.1,500,clean,,,1.1962910816073418,0.0774903038789587,9.835049422690645e-05,5.7628985814517364e-05,7.79897400207119e-05,0.0438 0.0556 0.0628 0.1182 0.2164 0.2448 0.2407 0.0816 0.0732 0.0592
obama_putin,lam0.25,500,clean,,,1.206921759992838,0.07677838111881981,9.835049422690645e-05,5.7628985814517364e-05,7.79897400207119e-05,0.0438 0.0516 0.0713 0.1285 0.2135 0.2452 0.2397 0.0797 0.0690 0.0648
obama_putin,lam0.5,500,clean,,,1.216887716203928,0.07397764320468135,9.835049422690645e-05,5.7628985814517364e-05,7.79897400207119e-05,0.0437 0.0603 0.0776 0.1301 0.2128 0.2489 0.2268 0.0738 0.0709 0.0720
obama_putin,lam0.75,500,clean,,,1.2330834679305553,0.07370224752696376,9.835049422690645e-05,5.7628985814517364e-05,7.79897400207119e-05,0.0462 0.0637 0.0783 0.1345 0.2105 0.2635 0.2134 0.0703 0.0704 0.0824
obama_putin,lam1.0,500,clean,,,1.2582730501890182,0.07241786638685192,9.835049422690645e-05,5.7628985814517364e-05,7.79897400207119e-05,0.0567 0.0629 0.0786 0.1388 0.1988 0.2812 0.1940 0.0779 0.0574 0.1119
obama_putin,lerp,,clean,,,1.754119634628296,0.05630244870148748,9.835049422690645e-05,5.7628985814517364e-05,7.79897400207119e-05,0.2265 0.2276 0.1681 0.1614 0.0790 0.1446 0.0936 0.1899 0.2680 0.1954
obama_putin,slerp,,clean,,,1.064229216426611,0.060912071649098704,9.835049422690645e-05,5.7628985814517364e-05,7.79897400207119e-05,0.0543 0.0752 0.0558 0.0975 0.1747 0.2351 0.1740 0.0622 0.0711 0.0643
realdog_cat,lam0.0,500,clean,,,1.3522629924118519,0.060464594698173155,8.092442294582725e-05,5.545286330743693e-05,6.818864312663209e-05,0.0584 0.1096 0.1938 0.1910 0.1991 0.2288 0.1331 0.1023 0.0844 0.0518
realdog_cat,lam0.1,500,clean,,,1.3362325131893158,0.05706494392033218,8.092442294582725e-05,5.545286330743693e-05,6.818864312663209e-05,0.0594 0.1182 0.1784 0.2066 0.1856 0.2151 0.1375 0.0961 0.0856 0.0536
realdog_cat,lam0.25,500,clean,,,1.3464174643158913,0.05520579576190216,8.092442294582725e-05,5.545286330743693e-05,6.818864312663209e-05,0.0619 0.1344 0.1510 0.2250 0.1866 0.1980 0.1514 0.0871 0.0915 0.0595
realdog_cat,lam0.5,500,clean,,,1.3865609839558601,0.05864095183884253,8.092442294582725e-05,5.545286330743693e-05,6.818864312663209e-05,0.0641 0.1417 0.1295 0.2641 0.1858 0.1680 0.1748 0.0835 0.1004 0.0747
realdog_cat,lam0.75,500,clean,,,1.4462945461273193,0.06185171986343813,8.092442294582725e-05,5.545286330743693e-05,6.818864312663209e-05,0.0665 0.1394 0.1297 0.2734 0.2119 0.1707 0.1761 0.0658 0.1054 0.1074
realdog_cat,lam1.0,500,clean,,,1.4155920445919037,0.05573721161992491,8.092442294582725e-05,5.545286330743693e-05,6.818864312663209e-05,0.0706 0.1405 0.1361 0.2566 0.1638 0.1425 0.1968 0.0612 0.0912 0.1564
realdog_cat,lerp,,clean,,,1.7263297066092491,0.05567939458759713,8.092442294582725e-05,5.545286330743693e-05,6.818864312663209e-05,0.2811 0.2408 0.1540 0.0915 0.0973 0.1369 0.1682 0.1850 0.1758 0.1957
realdog_cat,slerp,,clean,,,1.1131165102124214,0.04969064450322676,8.092442294582725e-05,5.545286330743693e-05,6.818864312663209e-05,0.0718 0.1019 0.0920 0.1245 0.2149 0.1883 0.1103 0.0911 0.0573 0.0611
realdog_cat,lam0.0,500,z0noise,,0.5,1.6991259939968586,0.08299965664863666,0.0001340048183919862,5.515267184819095e-05,9.457874512008857e-05,0.2821 0.1135 0.1909 0.3195 0.2105 0.2005 0.1567 0.0894 0.0800 0.0561
realdog_cat,lam0.1,500,z0noise,,0.5,1.7149397023022175,0.07941523890318486,0.0001340048183919862,5.515267184819095e-05,9.457874512008857e-05,0.2763 0.1127 0.2436 0.2908 0.2008 0.2013 0.1576 0.0925 0.0813 0.0580
realdog_cat,lam0.25,500,z0noise,,0.5,1.7575406059622765,0.08100387752326642,0.0001340048183919862,5.515267184819095e-05,9.457874512008857e-05,0.2810 0.1063 0.2882 0.2714 0.2043 0.1987 0.1586 0.0960 0.0878 0.0652
realdog_cat,lam0.5,500,z0noise,,0.5,1.83522617071867,0.08727703233677099,0.0001340048183919862,5.515267184819095e-05,9.457874512008857e-05,0.2820 0.1004 0.3619 0.2367 0.2104 0.1944 0.1643 0.0993 0.1034 0.0825
realdog_cat,lam0.75,500,z0noise,,0.5,1.5589581429958344,0.05783575699119191,0.0001340048183919862,5.515267184819095e-05,9.457874512008857e-05,0.0653 0.1249 0.1974 0.2332 0.2317 0.1873 0.2004 0.0914 0.1051 0.1222
realdog_cat,lam1.0,500,z0noise,,0.5,1.6804710254073143,0.062103672999865626,0.0001340048183919862,5.515267184819095e-05,9.457874512008857e-05,0.0974 0.1310 0.1885 0.2264 0.2585 0.1984 0.2424 0.0879 0.0824 0.1675
realdog_cat,lerp,,z0noise,,0.5,2.1102851405739784,0.09521107683443063,0.0001340048183919862,5.515267184819095e-05,9.457874512008857e-05,0.4633 0.2667 0.2255 0.2258 0.1118 0.1521 0.1347 0.1897 0.1535 0.1872
realdog_cat,slerp,,z0noise,,0.5,1.2697317600250244,0.04859199810596442,0.0001340048183919862,5.515267184819095e-05,9.457874512008857e-05,0.1222 0.1153 0.1189 0.2227 0.1570 0.1891 0.1246 0.0958 0.0572 0.0670
red_car,lam0.0,500,clean,,,1.6552430391311646,0.13512035768882547,0.000402928824769333,0.00040346677997149527,0.00040319780237041414,0.0375 0.0551 0.0867 0.1650 0.3783 0.4595 0.1779 0.1332 0.0990 0.0631
red_car,lam0.1,500,clean,,,1.71611712500453,0.1275862090735319,0.000402928824769333,0.00040346677997149527,0.00040319780237041414,0.0342 0.0508 0.0908 0.2312 0.3422 0.4482 0.1826 0.1474 0.1164 0.0723
red_car,lam0.25,500,clean,,,1.7695094048976898,0.12739363168049683,0.000402928824769333,0.00040346677997149527,0.00040319780237041414,0.0344 0.0507 0.0954 0.2282 0.3613 0.4420 0.1891 0.1566 0.1361 0.0757
red_car,lam0.5,500,clean,,,1.8319111466407776,0.12205470858151674,0.000402928824769333,0.00040346677997149527,0.00040319780237041414,0.0373 0.0618 0.0911 0.2331 0.3674 0.4239 0.2158 0.1607 0.1391 0.1018
red_car,lam0.75,500,clean,,,1.9161647818982601,0.11542447417956798,0.000402928824769333,0.00040346677997149527,0.00040319780237041414,0.0433 0.0686 0.0892 0.2303 0.3593 0.3993 0.2699 0.1889 0.1340 0.1333
red_car,lam1.0,500,clean,,,2.0058600902557373,0.11781838807930324,0.000402928824769333,0.00040346677997149527,0.00040319780237041414,0.0481 0.0775 0.0898 0.2329 0.3521 0.4081 0.3093 0.1902 0.1053 0.1926
red_car,lerp,,clean,,,2.4864963963627815,0.13035086741433558,0.000402928824769333,0.00040346677997149527,0.00040319780237041414,0.3031 0.1879 0.4477 0.0641 0.1271 0.0626 0.2373 0.3660 0.4070 0.2837
red_car,slerp,,clean,,,1.5018945522606373,0.12590513559718386,0.000402928824769333,0.00040346677997149527,0.00040319780237041414,0.0421 0.0605 0.0694 0.1476 0.3440 0.4269 0.1829 0.0960 0.0631 0.0695
snow_mountain,lam0.0,500,clean,,,1.532945953309536,0.06597818749654585,0.0002156739792553708,0.00026366973179392517,0.00023967185552464798,0.0771 0.1004 0.1406 0.2446 0.2391 0.1821 0.2442 0.1323 0.1028 0.0697
snow_mountain,lam0.1,500,clean,,,1.5698237866163254,0.06673062563370609,0.0002156739792553708,0.00026366973179392517,0.00023967185552464798,0.0790 0.1080 0.1462 0.2508 0.2383 0.1860 0.2489 0.1311 0.1204 0.0610
snow_mountain,lam0.25,500,clean,,,1.6096605062484741,0.0650769824482003,0.0002156739792553708,0.00026366973179392517,0.00023967185552464798,0.0762 0.1205 0.1492 0.2539 0.2430 0.1827 0.2400 0.1565 0.1275 0.0601
snow_mountain,lam0.5,500,clean,,,1.6948598772287369,0.06140764910703115,0.0002156739792553708,0.00026366973179392517,0.00023967185552464798,0.0834 0.1346 0.1608 0.2564 0.2431 0.1683 0.2426 0.1843 0.1528 0.0685
snow_mountain,lam0.75,500,clean,,,1.8766158521175385,0.0613295755441881,0.0002156739792553708,0.00026366973179392517,0.00023967185552464798,0.1131 0.1962 0.2022 0.2685 0.2233 0.1646 0.2889 0.1975 0.1374 0.0848
snow_mountain,lam1.0,500,clean,,,2.3239024877548218,0.07683492418521538,0.0002156739792553708,0.00026366973179392517,0.00023967185552464798,0.1613 0.2427 0.2398 0.2845 0.2261 0.3543 0.3459 0.2022 0.0957 0.1715
snow_mountain,lerp,,clean,,,2.4873843118548393,0.1340529686135185,0.0002156739792553708,0.00026366973179392517,0.00023967185552464798,0.4253 0.4087 0.1062 0.1365 0.0638 0.1841 0.2093 0.1641 0.4072 0.3822
snow_mountain,slerp,,clean,,,1.506025306880474,0.07117786201545531,0.0002156739792553708,0.00026366973179392517,0.00023967185552464798,0.0915 0.1064 0.1109 0.2154 0.2477 0.2850 0.1698 0.1230 0.0914 0.0650
snow_mountain,lam0.0,500,z0noise,,0.5,1.8149757534265518,0.06093587730258841,0.0030159817542880774,0.0002632501709740609,0.0016396159626310691,0.1239 0.1317 0.1975 0.2214 0.2545 0.2109 0.2831 0.1757 0.1412 0.0751
snow_mountain,lerp,,z0noise,,0.5,2.9579824656248093,0.16438678203153378,0.0030159817542880774,0.0002632501709740609,0.0016396159626310691,0.5809 0.3763 0.4470 0.3076 0.0782 0.0868 0.1241 0.1629 0.4168 0.3773
snow_mountain,slerp,,z0noise,,0.5,1.7588746324181557,0.06032187635280098,0.0030159817542880774,0.0002632501709740609,0.0016396159626310691,0.1224 0.1209 0.1484 0.2564 0.2075 0.2424 0.2495 0.2060 0.1228 0.0826
taylor_yifei,lam0.0,500,clean,,,1.163214959204197,0.08167505217858877,0.0001514625473646447,8.465602149954066e-05,0.00011805928443209268,0.0446 0.0576 0.1011 0.1473 0.3227 0.1867 0.1194 0.0725 0.0613 0.0500
taylor_yifei,lam0.1,500,clean,,,1.1479325257241726,0.08211379564599784,0.0001514625473646447,8.465602149954066e-05,0.00011805928443209268,0.0376 0.0537 0.1043 0.1576 0.3146 0.1893 0.1187 0.0708 0.0590 0.0423
taylor_yifei,lam0.25,500,clean,,,1.1539022512733936,0.0808130943661553,0.0001514625473646447,8.465602149954066e-05,0.00011805928443209268,0.0345 0.0527 0.1051 0.1725 0.3026 0.1931 0.1191 0.0713 0.0631 0.0401
taylor_yifei,lam0.5,500,clean,,,1.1920767650008202,0.07886732926877016,0.0001514625473646447,8.465602149954066e-05,0.00011805928443209268,0.0346 0.0569 0.1152 0.1763 0.2935 0.2049 0.1219 0.0755 0.0710 0.0423
taylor_yifei,lam0.75,500,clean,,,1.2543150186538696,0.08030460836480005,0.0001514625473646447,8.465602149954066e-05,0.00011805928443209268,0.0414 0.0625 0.1217 0.1685 0.3028 0.2279 0.1181 0.0775 0.0816 0.0524
taylor_yifei,lam1.0,500,clean,,,1.2943550944328308,0.06895729765435131,0.0001514625473646447,8.465602149954066e-05,0.00011805928443209268,0.0566 0.0763 0.1189 0.1584 0.3004 0.1665 0.1666 0.0726 0.0893 0.0886
taylor_yifei,lerp,,clean,,,1.9174085929989815,0.07690130749457343,0.0001514625473646447,8.465602149954066e-05,0.00011805928443209268,0.1783 0.2962 0.2423 0.1034 0.1628 0.0769 0.1034 0.1967 0.2977 0.2595
taylor_yifei,slerp,,clean,,,1.0308985970914364,0.06153293822992272,0.0001514625473646447,8.465602149954066e-05,0.00011805928443209268,0.0475 0.0642 0.0684 0.1564 0.2395 0.1751 0.0962 0.0689 0.0588 0.0559
thanos,lam0.0,500,clean,,,2.2084154337644577,0.06606601321178372,0.00030568987131118774,0.001365125528536737,0.0008354076999239624,0.1267 0.1794 0.2409 0.2953 0.3217 0.2893 0.2555 0.1972 0.1709 0.1314
thanos,lam0.1,500,clean,,,2.2543150186538696,0.06576799363573259,0.00030568987131118774,0.001365125528536737,0.0008354076999239624,0.1173 0.1893 0.2488 0.3059 0.3079 0.3012 0.2539 0.2101 0.1833 0.1367
thanos,lam0.25,500,clean,,,2.3474159985780716,0.06274557028416212,0.00030568987131118774,0.001365125528536737,0.0008354076999239624,0.1253 0.2009 0.2613 0.3018 0.3014 0.3184 0.2709 0.2241 0.1829 0.1606
thanos,lam0.5,500,clean,,,2.552646890282631,0.04609424174369434,0.00030568987131118774,0.001365125528536737,0.0008354076999239624,0.1833 0.2865 0.2660 0.3010 0.2726 0.3259 0.2625 0.2600 0.2177 0.1771
thanos,lam0.75,500,clean,,,2.8534614741802216,0.03783162574219418,0.00030568987131118774,0.001365125528536737,0.0008354076999239624,0.3070 0.3092 0.2741 0.3362 0.2678 0.3159 0.2866 0.3132 0.2367 0.2067
thanos,lam1.0,500,clean,,,3.231323093175888,0.05336524444220327,0.00030568987131118774,0.001365125528536737,0.0008354076999239624,0.3564 0.4123 0.3160 0.3732 0.2795 0.3130 0.3063 0.3518 0.2060 0.3168
thanos,lerp,,clean,,,3.0421062707901,0.15332171843486458,0.00030568987131118774,0.001365125528536737,0.0008354076999239624,0.4747 0.4424 0.2097 0.1570 0.0830 0.2040 0.2135 0.2477 0.5563 0.4538
thanos,slerp,,clean,,,2.189711272716522,0.06480356902772384,0.00030568987131118774,0.001365125528536737,0.0008354076999239624,0.1116 0.1780 0.2537 0.2603 0.3391 0.2573 0.2658 0.2031 0.1786 0.1422
van_self,lam0.0,500,clean,,,1.4712459817528725,0.04717520208522372,0.00019963712838944048,0.00016966300609055907,0.00018465006723999977,0.0936 0.1158 0.1571 0.1468 0.1790 0.1801 0.2560 0.1351 0.1191 0.0886
van_self,lam0.1,500,clean,,,1.4513206407427788,0.044167418624382025,0.00019963712838944048,0.00016966300609055907,0.00018465006723999977,0.0904 0.1228 0.1639 0.1522 0.1689 0.1653 0.2470 0.1331 0.1227 0.0850
van_self,lam0.25,500,clean,,,1.4812345802783966,0.04541307053944071,0.00019963712838944048,0.00016966300609055907,0.00018465006723999977,0.0925 0.1348 0.1851 0.1390 0.1764 0.1572 0.2495 0.1347 0.1283 0.0835
van_self,lam0.5,500,clean,,,1.5927556157112122,0.04770619885913697,0.00019963712838944048,0.00016966300609055907,0.00018465006723999977,0.1046 0.2018 0.1532 0.1359 0.1810 0.1521 0.2678 0.1600 0.1473 0.0891
van_self,lam0.75,500,clean,,,1.7556134164333344,0.05399616586362447,0.00019963712838944048,0.00016966300609055907,0.00018465006723999977,0.1170 0.1999 0.1746 0.2250 0.1274 0.1634 0.2965 0.1404 0.1980 0.1135
van_self,lam1.0,500,clean,,,2.015671856701374,0.06885481731363811,0.00019963712838944048,0.00016966300609055907,0.00018465006723999977,0.1499 0.1866 0.3057 0.1684 0.1642 0.1812 0.3325 0.1125 0.1544 0.2603
van_self,lerp,,clean,,,2.3585620634257793,0.17941006911416763,0.00019963712838944048,0.00016966300609055907,0.00018465006723999977,0.4905 0.3529 0.1874 0.0741 0.0492 0.0289 0.0524 0.2051 0.4198 0.4980
van_self,slerp,,clean,,,1.3544811382889748,0.0402790388736438,0.00019963712838944048,0.00016966300609055907,0.00018465006723999977,0.1053 0.1314 0.1629 0.2367 0.1093 0.1587 0.1299 0.1224 0.1086 0.0892
vangogh,lam0.0,500,clean,,,1.2657965943217278,0.027670678233064072,0.0001973663893295452,0.00019446923397481441,0.0001959178116521798,0.0978 0.1251 0.1595 0.1557 0.1526 0.1653 0.1186 0.0987 0.1006 0.0919
vangogh,lam0.1,500,clean,,,1.265670321881771,0.0291392874951459,0.0001973663893295452,0.00019446923397481441,0.0001959178116521798,0.0956 0.1274 0.1710 0.1568 0.1450 0.1641 0.1151 0.1012 0.1009 0.0884
vangogh,lam0.25,500,clean,,,1.2719785273075104,0.029521636282610036,0.0001973663893295452,0.00019446923397481441,0.0001959178116521798,0.1013 0.1286 0.1755 0.1551 0.1499 0.1598 0.1140 0.1055 0.0986 0.0837
vangogh,lam0.5,500,clean,,,1.3156416863203049,0.028243673651692575,0.0001973663893295452,0.00019446923397481441,0.0001959178116521798,0.1117 0.1450 0.1751 0.1577 0.1550 0.1550 0.1178 0.1118 0.1038 0.0829
vangogh,lam0.75,500,clean,,,1.3889131471514702,0.03151986801630973,0.0001973663893295452,0.00019446923397481441,0.0001959178116521798,0.1168 0.1907 0.1725 0.1544 0.1691 0.1486 0.1068 0.1173 0.1259 0.0868
vangogh,lam1.0,500,clean,,,1.573048822581768,0.040793747438867836,0.0001973663893295452,0.00019446923397481441,0.0001959178116521798,0.1803 0.2138 0.1437 0.1591 0.2086 0.1240 0.1181 0.1077 0.1089 0.2089
vangogh,lerp,,clean,,,2.246896229684353,0.14410910015317493,0.0001973663893295452,0.00019446923397481441,0.0001959178116521798,0.4551 0.3681 0.1664 0.0708 0.0686 0.0878 0.0902 0.2068 0.3158 0.4174
vangogh,slerp,,clean,,,1.141664907336235,0.03016866877093605,0.0001973663893295452,0.00019446923397481441,0.0001959178116521798,0.0750 0.1074 0.1169 0.1374 0.1594 0.1669 0.1159 0.0911 0.0886 0.0831
wave,lam0.0,500,clean,,,1.4486773386597633,0.09975620884204109,0.00037953685387037694,0.0004983743419870734,0.0004389555979287252,0.0648 0.0629 0.0914 0.1501 0.1444 0.4272 0.1567 0.1405 0.1215 0.0893
wave,lam0.1,500,clean,,,1.4429979622364044,0.10173055843274313,0.00037953685387037694,0.0004983743419870734,0.0004389555979287252,0.0569 0.0630 0.0955 0.1458 0.1401 0.4318 0.1591 0.1443 0.1211 0.0855
wave,lam0.25,500,clean,,,1.4474795050919056,0.10095433594461016,0.00037953685387037694,0.0004983743419870734,0.0004389555979287252,0.0535 0.0617 0.1010 0.1452 0.1393 0.4271 0.1623 0.1503 0.1292 0.0779
wave,lam0.5,500,clean,,,1.5323718152940273,0.09471046230469325,0.00037953685387037694,0.0004983743419870734,0.0004389555979287252,0.0542 0.0685 0.1081 0.1463 0.1530 0.3831 0.2542 0.1649 0.1300 0.0701
wave,lam0.75,500,clean,,,1.5890916585922241,0.10211989609163122,0.00037953685387037694,0.0004983743419870734,0.0004389555979287252,0.0711 0.0822 0.1189 0.1536 0.1758 0.2266 0.4337 0.1140 0.1310 0.0821
wave,lam1.0,500,clean,,,1.6839081197977066,0.09165314393617037,0.00037953685387037694,0.0004983743419870734,0.0004389555979287252,0.1044 0.1010 0.1212 0.1674 0.2000 0.2137 0.4174 0.1410 0.0971 0.1208
wave,lerp,,clean,,,2.4189419597387314,0.09963699578450558,0.00037953685387037694,0.0004983743419870734,0.0004389555979287252,0.2585 0.2778 0.3250 0.0962 0.1080 0.1429 0.1767 0.3045 0.4067 0.3226
wave,slerp,,clean,,,1.3923890590667725,0.09383868495697627,0.00037953685387037694,0.0004983743419870734,0.0004389555979287252,0.0611 0.0661 0.0817 0.0969 0.1455 0.3899 0.2028 0.1544 0.1172 0.0769
whitehouse_church,lam0.0,500,clean,,,1.4726762622594833,0.08277570010299626,0.00043518166057765484,0.00019105779938399792,0.0003131197299808264,0.0465 0.0655 0.0867 0.1284 0.2539 0.2789 0.2510 0.1804 0.1092 0.0723
whitehouse_church,lam0.1,500,clean,,,1.4667965024709702,0.08534448843651357,0.00043518166057765484,0.00019105779938399792,0.0003131197299808264,0.0374 0.0625 0.0913 0.1264 0.2461 0.2840 0.2508 0.1952 0.1109 0.0624
whitehouse_church,lam0.25,500,clean,,,1.496171459555626,0.08421982022094672,0.00043518166057765484,0.00019105779938399792,0.0003131197299808264,0.0321 0.0760 0.1032 0.1314 0.2371 0.2791 0.2628 0.2012 0.1133 0.0600
whitehouse_church,lam0.5,500,clean,,,1.6078218296170235,0.0876995030515576,0.00043518166057765484,0.00019105779938399792,0.0003131197299808264,0.0495 0.0761 0.1340 0.1277 0.2248 0.2632 0.3233 0.2220 0.1232 0.0640
whitehouse_church,lam0.75,500,clean,,,1.7876653894782066,0.09031141404458219,0.00043518166057765484,0.00019105779938399792,0.0003131197299808264,0.0680 0.1004 0.1140 0.1711 0.2235 0.3027 0.3268 0.2658 0.1389 0.0765
whitehouse_church,lam1.0,500,clean,,,1.9800708293914795,0.09385655621114242,0.00043518166057765484,0.00019105779938399792,0.0003131197299808264,0.0947 0.1132 0.1222 0.1828 0.2304 0.3231 0.3600 0.3022 0.1241 0.1273
whitehouse_church,lerp,,clean,,,2.3584428057074547,0.14040360349707534,0.00043518166057765484,0.00019105779938399792,0.0003131197299808264,0.2235 0.4887 0.2326 0.1574 0.0863 0.0533 0.0885 0.3114 0.4414 0.2753
whitehouse_church,slerp,,clean,,,1.3601113744080067,0.08918067896899895,0.00043518166057765484,0.00019105779938399792,0.0003131197299808264,0.0584 0.0545 0.0634 0.1114 0.1703 0.2982 0.2840 0.1840 0.0710 0.0649
wolf_tiger,lam0.0,500,clean,,,1.3859310075640678,0.07143462673426362,9.457199485041201e-05,0.00019108368724118918,0.0001428278410458006,0.0570 0.0686 0.1096 0.1526 0.2664 0.2438 0.2039 0.1187 0.0909 0.0745
wolf_tiger,lam0.1,500,clean,,,1.3545416370034218,0.06967684014823698,9.457199485041201e-05,0.00019108368724118918,0.0001428278410458006,0.0538 0.0690 0.1074 0.1502 0.2430 0.2522 0.1991 0.1264 0.0880 0.0655
wolf_tiger,lam0.25,500,clean,,,1.348327163606882,0.07077137720615692,9.457199485041201e-05,0.00019108368724118918,0.0001428278410458006,0.0515 0.0673 0.1016 0.1547 0.2351 0.2526 0.2081 0.1284 0.0892 0.0597
wolf_tiger,lam0.5,500,clean,,,1.4180903211236,0.0682620744070081,9.457199485041201e-05,0.00019108368724118918,0.0001428278410458006,0.0503 0.0700 0.1321 0.1367 0.2314 0.2484 0.2204 0.1543 0.1122 0.0622
wolf_tiger,lam0.75,500,clean,,,1.5828886553645134,0.07150600284868787,9.457199485041201e-05,0.00019108368724118918,0.0001428278410458006,0.0579 0.0891 0.1368 0.1341 0.2450 0.2890 0.2329 0.1523 0.1583 0.0874
wolf_tiger,lam1.0,500,clean,,,1.8430164605379105,0.07588460641497528,9.457199485041201e-05,0.00019108368724118918,0.0001428278410458006,0.1180 0.1289 0.1064 0.2300 0.2247 0.3636 0.2331 0.1502 0.1176 0.1706
wolf_tiger,lerp,,clean,,,2.236224263906479,0.12472308810418238,9.457199485041201e-05,0.00019108368724118918,0.0001428278410458006,0.2407 0.2788 0.2825 0.1058 0.0393 0.0394 0.1997 0.2552 0.4473 0.3476
wolf_tiger,slerp,,clean,,,1.206616349518299,0.05594593788859161,9.457199485041201e-05,0.00019108368724118918,0.0001428278410458006,0.0622 0.0694 0.0943 0.0867 0.1812 0.2312 0.1905 0.1220 0.0887 0.0804
